,Origin,Destination,Time (min),Summary,Directions
0,Techspace,Akçaabat Köftesi,2.8333333333333335,,Head northeast on Lobeckstraße. Go for 72 m.Continue straight onto Oranienstraße. Go for 25 m.Turn left onto Oranienstraße. Go for 71 m.Arrive at Oranienstraße. Your destination is on the right.
1,Techspace,Pacifico,3.8,,Head northeast on Lobeckstraße. Go for 72 m.Turn right onto Oranienstraße. Go for 146 m.Arrive at Oranienstraße. Your destination is on the right.
2,Techspace,Shishi,8.5,,"Head northeast on Lobeckstraße. Go for 72 m.Turn right onto Oranienstraße. Go for 179 m.Walk left around the roundabout and turn at the 2nd street Oranienstraße. Go for 151 m.Take the street on the right, Prinzessinnenstraße. Go for 74 m.Arrive at Prinzessinnenstraße."
3,Techspace,King's Chicken,7.0,,Head northeast on Lobeckstraße. Go for 72 m.Turn right onto Oranienstraße. Go for 179 m.Walk left around the roundabout and turn at the 2nd street Oranienstraße. Go for 139 m.Arrive at Oranienstraße. Your destination is on the left.
4,Techspace,Tapas y más,14.983333333333333,,Head northeast on Lobeckstraße. Go for 72 m.Continue straight onto Oranienstraße. Go for 25 m.Turn left onto Oranienstraße. Go for 70 m.Turn right onto Oranienstraße. Go for 24 m.Continue straight onto Alexandrinenstraße. Go for 38 m.Continue straight onto Platz. Go for 24 m.Head northwest on Alexandrinenstraße. Go for 365 m.Turn right onto Neue Grünstraße. Go for 258 m.Arrive at Neue Grünstraße. Your destination is on the right.
5,Techspace,Max und Moritz,9.8,,Head northeast on Lobeckstraße. Go for 72 m.Turn right onto Oranienstraße. Go for 179 m.Walk left around the roundabout and turn at the 2nd street Oranienstraße. Go for 307 m.Arrive at Oranienstraße.
6,Techspace,Tourlou,11.55,,Head southwest on Lobeckstraße. Go for 157 m.Turn left onto Ritterstraße. Go for 526 m.Arrive at Ritterstraße. Your destination is on the left.
7,Techspace,Kirchenwirt,12.383333333333333,,Head southwest on Lobeckstraße. Go for 99 m.Turn right. Go for 176 m.Turn left. Go for 291 m.Turn right. Go for 27 m.Turn left onto Alexandrinenstraße. Go for 140 m.Arrive at Alexandrinenstraße. Your destination is on the right.
8,Techspace,Shezan,21.466666666666665,,Head northeast on Lobeckstraße. Go for 72 m.Turn right onto Oranienstraße. Go for 112 m.Turn slightly left onto Stallschreiberstraße. Go for 82 m.Continue straight onto Stallschreiberstraße. Go for 147 m.Turn left onto Sebastianstraße. Go for 217 m.Turn right. Go for 108 m.Turn left. Go for 164 m.Turn left. Go for 48 m.Turn slightly right onto Alte Jakobstraße. Go for 98 m.Turn slightly left onto Neue Roßstraße. Go for 200 m.Arrive at Neue Roßstraße. Your destination is on the right.
9,Techspace,San Salvo,20.033333333333335,,Head southwest on Lobeckstraße. Go for 267 m.Turn left onto Lobeckstraße. Go for 11 m.Turn right. Go for 32 m.Turn left. Go for 102 m.Turn left onto Wassertorstraße. Go for 147 m.Turn right onto Prinzenstraße. Go for 459 m.Turn left onto Carl-Herz-Ufer. Go for 155 m.Arrive at Carl-Herz-Ufer. Your destination is on the right.
10,Techspace,Thai Huong Lieferservice,16.766666666666666,,Head northeast on Lobeckstraße. Go for 72 m.Turn right onto Oranienstraße. Go for 179 m.Walk left around the roundabout and turn at the 1st street Prinzenstraße. Go for 208 m.Turn right. Go for 16 m.Turn left onto Heinrich-Heine-Straße. Go for 85 m.Turn right onto Heinrich-Heine-Straße. Go for 78 m.Turn left. Go for 48 m.Turn left onto Dresdener Straße. Go for 22 m.Turn right onto Platz. Go for 31 m.Head northeast on Dresdener Straße. Go for 157 m.Turn right onto Annenstraße. Go for 52 m.Arrive at Annenstraße. Your destination is on the right.
11,Techspace,Cevichería,14.066666666666666,M29,"Head northeast on Lobeckstraße. Go for 72 m.Turn right onto Oranienstraße. Go for 179 m.Walk left around the roundabout and turn onto Moritzplatz. Go for 65 m.Go to the stop U Moritzplatz and take the bus M29 toward U Hermannplatz/Urbanstr.. Follow for 1 stop.Get off at Berlin, Oranienplatz.Head northwest. Go for 14 m.Turn left onto Oranienplatz. Go for 21 m.Turn right onto Dresdener Straße. Go for 99 m.Arrive at Dresdener Straße. Your destination is on the right."
12,Techspace,Tsukushiya - Japanese Deli,14.45,M29,"Head northeast on Lobeckstraße. Go for 72 m.Turn right onto Oranienstraße. Go for 179 m.Walk left around the roundabout and turn onto Moritzplatz. Go for 65 m.Go to the stop U Moritzplatz and take the bus M29 toward U Hermannplatz/Urbanstr.. Follow for 1 stop.Get off at Berlin, Oranienplatz.Head northwest. Go for 14 m.Turn left onto Oranienplatz. Go for 21 m.Turn right onto Dresdener Straße. Go for 122 m.Arrive at Dresdener Straße."
13,Techspace,Bei Lydia,19.066666666666666,U8,Head northeast on Lobeckstraße. Go for 72 m.Turn right onto Oranienstraße. Go for 179 m.Walk left around the roundabout and turn onto Moritzplatz. Go for 65 m.Go to the station U Moritzplatz and take the rail U8 toward S+U Wittenau. Follow for 1 station.Get off at U Heinrich-Heine-Str..Head east on Heinrich-Heine-Straße. Go for 34 m.Turn left onto Köpenicker Straße. Go for 375 m.Arrive at Inselstraße.
14,Techspace,2 Cool,14.316666666666666,M29,"Head northeast on Lobeckstraße. Go for 72 m.Turn right onto Oranienstraße. Go for 179 m.Walk left around the roundabout and turn onto Moritzplatz. Go for 65 m.Go to the stop U Moritzplatz and take the bus M29 toward U Hermannplatz/Urbanstr.. Follow for 1 stop.Get off at Berlin, Oranienplatz.Head northwest. Go for 16 m.Turn right onto Oranienplatz. Go for 139 m.Arrive at Oranienstraße. Your destination is on the left."
15,Techspace,Santa Maria,14.416666666666666,M29,"Head northeast on Lobeckstraße. Go for 72 m.Turn right onto Oranienstraße. Go for 179 m.Walk left around the roundabout and turn onto Moritzplatz. Go for 65 m.Go to the stop U Moritzplatz and take the bus M29 toward U Hermannplatz/Urbanstr.. Follow for 2 stops.Get off at Berlin, Adalbertstr./Oranienstr..Head west on Oranienstraße. Go for 108 m.Arrive at Oranienstraße. Your destination is on the right."
16,Techspace,Gasthaus Glashaus,14.983333333333333,,Head southwest on Lobeckstraße. Go for 157 m.Turn right onto Ritterstraße. Go for 708 m.Turn left onto Lindenstraße. Go for 14 m.Arrive at Lindenstraße. Your destination is on the right.
17,Techspace,Safran,13.966666666666667,M29,"Head northeast on Lobeckstraße. Go for 72 m.Turn right onto Oranienstraße. Go for 179 m.Walk left around the roundabout and turn onto Moritzplatz. Go for 65 m.Go to the stop U Moritzplatz and take the bus M29 toward U Hermannplatz/Urbanstr.. Follow for 2 stops.Get off at Berlin, Adalbertstr./Oranienstr..Head west on Oranienstraße. Go for 81 m.Arrive at Oranienstraße. Your destination is on the right."
18,Techspace,Rote Laterne,13.85,M29,"Head northeast on Lobeckstraße. Go for 72 m.Turn right onto Oranienstraße. Go for 179 m.Walk left around the roundabout and turn onto Moritzplatz. Go for 65 m.Go to the stop U Moritzplatz and take the bus M29 toward U Hermannplatz/Urbanstr.. Follow for 2 stops.Get off at Berlin, Adalbertstr./Oranienstr..Head west on Oranienstraße. Go for 74 m.Arrive at Oranienstraße."
19,Techspace,Lasan,14.733333333333333,U8,Head northeast on Lobeckstraße. Go for 72 m.Turn right onto Oranienstraße. Go for 179 m.Walk left around the roundabout and turn onto Moritzplatz. Go for 65 m.Go to the station U Moritzplatz and take the rail U8 toward S+U Hermannstr.. Follow for 1 station.Get off at U Kottbusser Tor.Head east on Kottbusser Tor. Go for 9 m.Walk left around the roundabout and turn at the 4th street Adalbertstraße. Go for 98 m.Arrive at Adalbertstraße. Your destination is on the left.
20,Techspace,TZOM,27.316666666666666,U8,Head northeast on Lobeckstraße. Go for 72 m.Turn right onto Oranienstraße. Go for 179 m.Walk left around the roundabout and turn onto Moritzplatz. Go for 65 m.Go to the station U Moritzplatz and take the rail U8 toward S+U Hermannstr.. Follow for 1 station.Get off at U Kottbusser Tor.Head east on Kottbusser Tor. Go for 13 m.Walk right around the roundabout and turn at the 1st street Skalitzer Straße. Go for 57 m.Turn left onto Admiralstraße. Go for 185 m.Walk left around the roundabout and turn at the 2nd street Admiralstraße. Go for 219 m.Turn slightly left onto Admiralbrücke. Go for 59 m.Continue straight onto Böckhstraße. Go for 54 m.Continue straight ahead. Go for 168 m.Turn slightly right onto Dieffenbachstraße. Go for 76 m.Arrive at Dieffenbachstraße.
21,Techspace,Pecados,21.833333333333332,,Head northeast on Lobeckstraße. Go for 72 m.Continue straight onto Oranienstraße. Go for 25 m.Turn left onto Oranienstraße. Go for 70 m.Turn right onto Oranienstraße. Go for 24 m.Continue straight onto Alexandrinenstraße. Go for 38 m.Continue straight onto Platz. Go for 24 m.Head northwest on Alexandrinenstraße. Go for 446 m.Turn right onto Beuthstraße. Go for 230 m.Turn right onto Axel-Springer-Straße. Go for 153 m.Turn left onto Niederwallstraße. Go for 69 m.Turn left onto Kronenstraße. Go for 118 m.Arrive at Kronenstraße. Your destination is on the right.
22,Techspace,The Oscar Wilde Irish Pub,21.016666666666666,,Head northeast on Lobeckstraße. Go for 72 m.Continue straight onto Oranienstraße. Go for 25 m.Turn left onto Oranienstraße. Go for 70 m.Turn right onto Oranienstraße. Go for 24 m.Continue straight onto Alexandrinenstraße. Go for 38 m.Continue straight onto Platz. Go for 24 m.Head northwest on Alexandrinenstraße. Go for 655 m.Turn right onto Axel-Springer-Straße. Go for 54 m.Turn left onto Krausenstraße. Go for 37 m.Turn slightly right onto Marion-Gräfin-Dönhoff-Platz. Go for 79 m.Turn left onto Marion-Gräfin-Dönhoff-Platz. Go for 64 m.Turn left onto Marion-Gräfin-Dönhoff-Platz. Go for 43 m.Turn right onto Jerusalemer Straße. Go for 33 m.Arrive at Jerusalemer Straße. Your destination is on the right.
23,Techspace,Maroush,13.483333333333333,M29,"Head northeast on Lobeckstraße. Go for 72 m.Turn right onto Oranienstraße. Go for 179 m.Walk left around the roundabout and turn onto Moritzplatz. Go for 65 m.Go to the stop U Moritzplatz and take the bus M29 toward U Hermannplatz/Urbanstr.. Follow for 2 stops.Get off at Berlin, Adalbertstr./Oranienstr..Head west on Oranienstraße. Go for 1 m.Turn left onto Adalbertstraße. Go for 41 m.Arrive at Adalbertstraße. Your destination is on the left."
24,Techspace,PHO,13.783333333333333,M29,"Head northeast on Lobeckstraße. Go for 72 m.Turn right onto Oranienstraße. Go for 179 m.Walk left around the roundabout and turn onto Moritzplatz. Go for 65 m.Go to the stop U Moritzplatz and take the bus M29 toward U Hermannplatz/Urbanstr.. Follow for 2 stops.Get off at Berlin, Adalbertstr./Oranienstr..Head west on Oranienstraße. Go for 1 m.Turn left onto Adalbertstraße. Go for 59 m.Arrive at Adalbertstraße. Your destination is on the left."
25,Techspace,Kreuzberger Weltlaterne,18.983333333333334,U8,Head northeast on Lobeckstraße. Go for 72 m.Turn right onto Oranienstraße. Go for 179 m.Walk left around the roundabout and turn onto Moritzplatz. Go for 65 m.Go to the station U Moritzplatz and take the rail U8 toward S+U Hermannstr.. Follow for 1 station.Get off at U Kottbusser Tor.Head east on Kottbusser Tor. Go for 13 m.Walk right around the roundabout and turn at the 1st street Skalitzer Straße. Go for 57 m.Turn left onto Admiralstraße. Go for 185 m.Walk left around the roundabout and turn at the 1st street Kohlfurter Straße. Go for 81 m.Arrive at Kohlfurter Straße.
26,Techspace,Ron Telesky Canadian Pizza,25.316666666666666,U8,Head northeast on Lobeckstraße. Go for 72 m.Turn right onto Oranienstraße. Go for 179 m.Walk left around the roundabout and turn onto Moritzplatz. Go for 65 m.Go to the station U Moritzplatz and take the rail U8 toward S+U Hermannstr.. Follow for 2 stations.Get off at U Schönleinstr..Head west on Kottbusser Damm. Go for 35 m.Turn right onto Böckhstraße. Go for 35 m.Turn left onto Schönleinstraße. Go for 132 m.Turn right onto Schönleinstraße. Go for 57 m.Turn right onto Dieffenbachstraße. Go for 380 m.Arrive at Dieffenbachstraße. Your destination is on the right.
27,Techspace,Langano,20.233333333333334,U8,Head northeast on Lobeckstraße. Go for 72 m.Turn right onto Oranienstraße. Go for 179 m.Walk left around the roundabout and turn onto Moritzplatz. Go for 65 m.Go to the station U Moritzplatz and take the rail U8 toward S+U Hermannstr.. Follow for 1 station.Get off at U Kottbusser Tor.Head east on Kottbusser Tor. Go for 13 m.Walk right around the roundabout and turn at the 1st street Kottbusser Straße. Go for 323 m.Turn right onto Kohlfurter Straße. Go for 91 m.Arrive at Kohlfurter Straße.
28,Techspace,Melro,19.9,U8,Head northeast on Lobeckstraße. Go for 72 m.Turn right onto Oranienstraße. Go for 179 m.Walk left around the roundabout and turn onto Moritzplatz. Go for 65 m.Go to the station U Moritzplatz and take the rail U8 toward S+U Hermannstr.. Follow for 2 stations.Get off at U Schönleinstr..Head west on Kottbusser Damm. Go for 35 m.Turn right onto Böckhstraße. Go for 273 m.Turn right onto Graefestraße. Go for 24 m.Arrive at Graefestraße.
29,Techspace,Babylon Grill,18.266666666666666,U8,Head northeast on Lobeckstraße. Go for 72 m.Turn right onto Oranienstraße. Go for 179 m.Walk left around the roundabout and turn onto Moritzplatz. Go for 65 m.Go to the station U Moritzplatz and take the rail U8 toward S+U Hermannstr.. Follow for 1 station.Get off at U Kottbusser Tor.Head east on Kottbusser Tor. Go for 13 m.Walk right around the roundabout and turn at the 2nd street Skalitzer Straße. Go for 86 m.Turn right onto Reichenberger Straße. Go for 192 m.Turn right onto Mariannenstraße. Go for 19 m.Arrive at Mariannenstraße. Your destination is on the right.
30,Techspace,Tak Tak Polish Deli,20.566666666666666,U8,Head northeast on Lobeckstraße. Go for 72 m.Turn right onto Oranienstraße. Go for 179 m.Walk left around the roundabout and turn onto Moritzplatz. Go for 65 m.Go to the station U Moritzplatz and take the rail U8 toward S+U Hermannstr.. Follow for 2 stations.Get off at U Schönleinstr..Head west on Kottbusser Damm. Go for 35 m.Turn right onto Böckhstraße. Go for 273 m.Turn left onto Graefestraße. Go for 62 m.Arrive at Graefestraße. Your destination is on the left.
31,Techspace,Ela Ent,21.3,U8,Head northeast on Lobeckstraße. Go for 72 m.Turn right onto Oranienstraße. Go for 179 m.Walk left around the roundabout and turn onto Moritzplatz. Go for 65 m.Go to the station U Moritzplatz and take the rail U8 toward S+U Hermannstr.. Follow for 2 stations.Get off at U Schönleinstr..Head west on Kottbusser Damm. Go for 35 m.Turn right onto Böckhstraße. Go for 273 m.Turn left onto Graefestraße. Go for 106 m.Arrive at Graefestraße. Your destination is on the left.
32,Techspace,KIRSONS Alexa,19.083333333333332,U8,Head northeast on Lobeckstraße. Go for 72 m.Turn right onto Oranienstraße. Go for 179 m.Walk left around the roundabout and turn onto Moritzplatz. Go for 65 m.Go to the station U Moritzplatz and take the rail U8 toward S+U Wittenau. Follow for 2 stations.Get off at S+U Jannowitzbrücke.Head west on Stralauer Straße. Go for 23 m.Turn left onto Stralauer Straße. Go for 49 m.Turn right onto Stadtbahnbogen. Go for 284 m.Arrive at Stadtbahnbogen. Your destination is on the right.
33,Techspace,Schwarze Heidi,16.55,M29,"Head northeast on Lobeckstraße. Go for 72 m.Turn right onto Oranienstraße. Go for 179 m.Walk left around the roundabout and turn onto Moritzplatz. Go for 65 m.Go to the stop U Moritzplatz and take the bus M29 toward U Hermannplatz/Urbanstr.. Follow for 3 stops.Get off at Berlin, Heinrichplatz.Head east on Oranienstraße. Go for 13 m.Turn left onto Mariannenstraße. Go for 117 m.Turn right onto Naunynstraße. Go for 16 m.Arrive at Naunynstraße. Your destination is on the right."
34,Techspace,Tunnbrödsrulle - Swedish Hot Dog Wrap,20.2,M29,"Head northeast on Lobeckstraße. Go for 72 m.Turn left onto Oranienstraße. Go for 196 m.Go to the stop Berlin, Alexandrinenstr. and take the bus M29 toward Berlin, Roseneck. Follow for 3 stops.Get off at Berlin, Charlottenstr..Head north on Rudi-Dutschke-Straße. Go for 79 m.Turn right onto Charlottenstraße. Go for 209 m.Turn left onto Schützenstraße. Go for 96 m.Arrive at Schützenstraße. Your destination is on the left."
35,Techspace,Hellogoodpie,24.333333333333332,"U8, U7",Head northeast on Lobeckstraße. Go for 72 m.Turn right onto Oranienstraße. Go for 179 m.Walk left around the roundabout and turn onto Moritzplatz. Go for 65 m.Go to the station U Moritzplatz and take the rail U8 toward S+U Hermannstr.. Follow for 3 stations.Get off at U Hermannplatz.Take the rail U7 toward S+U Rathaus Spandau. Follow for 2 stations.Get off at U Gneisenaustr..Head east on Gneisenaustraße. Go for 68 m.Turn right onto Mittenwalder Straße. Go for 61 m.Arrive at Mittenwalder Straße. Your destination is on the right.
36,Techspace,Tierra Colombiana,24.983333333333334,"U8, U7",Head northeast on Lobeckstraße. Go for 72 m.Turn right onto Oranienstraße. Go for 179 m.Walk left around the roundabout and turn onto Moritzplatz. Go for 65 m.Go to the station U Moritzplatz and take the rail U8 toward S+U Hermannstr.. Follow for 3 stations.Get off at U Hermannplatz.Take the rail U7 toward S+U Rathaus Spandau. Follow for 2 stations.Get off at U Gneisenaustr..Head east on Gneisenaustraße. Go for 68 m.Turn right onto Mittenwalder Straße. Go for 100 m.Arrive at Mittenwalder Straße.
37,Techspace,Bagel Company,27.6,"U8, M8","Head northeast on Lobeckstraße. Go for 72 m.Turn right onto Oranienstraße. Go for 179 m.Walk left around the roundabout and turn onto Moritzplatz. Go for 65 m.Go to the station U Moritzplatz and take the rail U8 toward S+U Wittenau. Follow for 4 stations.Get off at U Weinmeisterstr..Walk to U Weinmeisterstr..Take the rail M8 toward Berlin, Lüneburger Str.. Follow for 1 station.Get off at S Hackescher Markt.Head south on Henriette-Herz-Platz. Go for 79 m.Turn right onto Litfaß-Platz. Go for 92 m.Arrive at Litfaß-Platz. Your destination is on the right."
38,Techspace,Mabuhay Mini,23.183333333333334,"M29, U6","Head northeast on Lobeckstraße. Go for 72 m.Turn left onto Oranienstraße. Go for 196 m.Go to the stop Berlin, Alexandrinenstr. and take the bus M29 toward Berlin, Roseneck. Follow for 4 stops.Get off at U Kochstr./Checkpoint Charlie.Walk to U Kochstr./Checkpoint Charlie.Take the rail U6 toward U Alt-Tegel. Follow for 1 station.Get off at U Stadtmitte.Head north on Friedrichstraße. Go for 29 m.Turn left onto Kronenstraße. Go for 54 m.Arrive at Kronenstraße. Your destination is on the left."
39,Techspace,Tibet-Haus,24.733333333333334,"U8, U7",Head northeast on Lobeckstraße. Go for 72 m.Turn right onto Oranienstraße. Go for 179 m.Walk left around the roundabout and turn onto Moritzplatz. Go for 65 m.Go to the station U Moritzplatz and take the rail U8 toward S+U Hermannstr.. Follow for 3 stations.Get off at U Hermannplatz.Take the rail U7 toward S+U Rathaus Spandau. Follow for 2 stations.Get off at U Gneisenaustr..Head west on Gneisenaustraße. Go for 70 m.Turn left onto Zossener Straße. Go for 81 m.Arrive at Zossener Straße.
40,Techspace,Finnish Pulled Pork,24.616666666666667,"U8, U7",Head northeast on Lobeckstraße. Go for 72 m.Turn right onto Oranienstraße. Go for 179 m.Walk left around the roundabout and turn onto Moritzplatz. Go for 65 m.Go to the station U Moritzplatz and take the rail U8 toward S+U Hermannstr.. Follow for 3 stations.Get off at U Hermannplatz.Take the rail U7 toward S+U Rathaus Spandau. Follow for 2 stations.Get off at U Gneisenaustr..Head west on Gneisenaustraße. Go for 70 m.Turn left onto Zossener Straße. Go for 74 m.Arrive at Zossener Straße. Your destination is on the right.
41,Techspace,"A-Thai, Viêt Street Kitchen",19.316666666666666,M29,"Head northeast on Lobeckstraße. Go for 72 m.Turn right onto Oranienstraße. Go for 179 m.Walk left around the roundabout and turn onto Moritzplatz. Go for 65 m.Go to the stop U Moritzplatz and take the bus M29 toward U Hermannplatz/Urbanstr.. Follow for 3 stops.Get off at Berlin, Heinrichplatz.Head east on Oranienstraße. Go for 13 m.Turn left onto Mariannenstraße. Go for 117 m.Turn right onto Naunynstraße. Go for 182 m.Arrive at Naunynstraße. Your destination is on the right."
42,Techspace,Theepan,28.183333333333334,"U8, U7",Head northeast on Lobeckstraße. Go for 72 m.Turn right onto Oranienstraße. Go for 179 m.Walk left around the roundabout and turn onto Moritzplatz. Go for 65 m.Go to the station U Moritzplatz and take the rail U8 toward S+U Hermannstr.. Follow for 3 stations.Get off at U Hermannplatz.Take the rail U7 toward S+U Rathaus Spandau. Follow for 2 stations.Get off at U Gneisenaustr..Head east on Gneisenaustraße. Go for 68 m.Turn right onto Mittenwalder Straße. Go for 189 m.Continue straight onto Marheinekeplatz. Go for 49 m.Turn right onto Bergmannstraße. Go for 44 m.Arrive at Bergmannstraße. Your destination is on the right.
43,Techspace,Steakhaus Asador,20.866666666666667,M29,"Head northeast on Lobeckstraße. Go for 72 m.Turn left onto Oranienstraße. Go for 196 m.Go to the stop Berlin, Alexandrinenstr. and take the bus M29 toward Berlin, Roseneck. Follow for 5 stops.Get off at Berlin, Wilhelmstr./Kochstr..Head west on Wilhelmstraße. Go for 279 m.Arrive at Wilhelmstraße."
44,Techspace,Popołudniowa Kawa Z Misiem,21.25,U8,Head northeast on Lobeckstraße. Go for 72 m.Turn right onto Oranienstraße. Go for 179 m.Walk left around the roundabout and turn onto Moritzplatz. Go for 65 m.Go to the station U Moritzplatz and take the rail U8 toward S+U Wittenau. Follow for 4 stations.Get off at U Weinmeisterstr..Head northwest on Weinmeisterstraße. Go for 137 m.Turn left onto Rosenthaler Straße. Go for 123 m.Arrive at Rosenthaler Straße. Your destination is on the left.
45,Techspace,Heiße Fatira,22.383333333333333,U8,Head northeast on Lobeckstraße. Go for 72 m.Turn right onto Oranienstraße. Go for 179 m.Walk left around the roundabout and turn onto Moritzplatz. Go for 65 m.Go to the station U Moritzplatz and take the rail U8 toward S+U Hermannstr.. Follow for 3 stations.Get off at U Hermannplatz.Head southeast on Hermannplatz. Go for 130 m.Turn left onto Urbanstraße. Go for 175 m.Arrive at Urbanstraße. Your destination is on the right.
46,Techspace,El Chilenito,31.9,"M29, U6","Head northeast on Lobeckstraße. Go for 72 m.Turn left onto Oranienstraße. Go for 196 m.Go to the stop Berlin, Alexandrinenstr. and take the bus M29 toward Berlin, Roseneck. Follow for 4 stops.Get off at U Kochstr./Checkpoint Charlie.Walk to U Kochstr./Checkpoint Charlie.Take the rail U6 toward U Alt-Mariendorf. Follow for 2 stations.Get off at U Mehringdamm.Head east on Mehringdamm. Go for 409 m.Turn left onto Bergmannstraße. Go for 189 m.Arrive at Bergmannstraße. Your destination is on the left."
47,Techspace,Mama Shabz,18.983333333333334,M29,"Head northeast on Lobeckstraße. Go for 72 m.Turn right onto Oranienstraße. Go for 179 m.Walk left around the roundabout and turn onto Moritzplatz. Go for 65 m.Go to the stop U Moritzplatz and take the bus M29 toward U Hermannplatz/Urbanstr.. Follow for 6 stops.Get off at Berlin, Ohlauer Str..Head southwest on Reichenberger Straße. Go for 82 m.Arrive at Reichenberger Straße. Your destination is on the left."
48,Techspace,Kin-Za,31.083333333333332,U8,Head northeast on Lobeckstraße. Go for 72 m.Turn right onto Oranienstraße. Go for 179 m.Walk left around the roundabout and turn onto Moritzplatz. Go for 65 m.Go to the station U Moritzplatz and take the rail U8 toward S+U Wittenau. Follow for 4 stations.Get off at U Weinmeisterstr..Head northwest on Weinmeisterstraße. Go for 137 m.Turn left onto Rosenthaler Straße. Go for 122 m.Turn right onto Sophienstraße. Go for 178 m.Turn left. Go for 155 m.Turn right onto Große Hamburger Straße. Go for 14 m.Turn left onto Krausnickstraße. Go for 213 m.Arrive at Krausnickstraße. Your destination is on the right.
49,Techspace,Rissani,19.2,M29,"Head northeast on Lobeckstraße. Go for 72 m.Turn right onto Oranienstraße. Go for 179 m.Walk left around the roundabout and turn onto Moritzplatz. Go for 65 m.Go to the stop U Moritzplatz and take the bus M29 toward U Hermannplatz/Urbanstr.. Follow for 5 stops.Get off at Berlin, Spreewaldplatz.Head northwest on Wiener Straße. Go for 51 m.Turn right onto Spreewaldplatz. Go for 104 m.Arrive at Spreewaldplatz."
50,Techspace,chili chutney,25.133333333333333,M29,Head northeast on Lobeckstraße. Go for 72 m.Turn right onto Oranienstraße. Go for 179 m.Walk left around the roundabout and turn onto Moritzplatz. Go for 65 m.Go to the stop U Moritzplatz and take the bus M29 toward U Hermannplatz/Urbanstr.. Follow for 4 stops.Get off at U Görlitzer Bahnhof.Head north on Skalitzer Straße. Go for 24 m.Turn left. Go for 20 m.Turn right onto Skalitzer Straße. Go for 40 m.Turn slightly left onto Skalitzer Straße. Go for 143 m.Turn right. Go for 106 m.Turn slightly left onto Eisenbahnstraße. Go for 139 m.Arrive at Eisenbahnstraße. Your destination is on the left.
51,Techspace,Rosa Caleta,24.7,M29,Head northeast on Lobeckstraße. Go for 72 m.Turn right onto Oranienstraße. Go for 179 m.Walk left around the roundabout and turn onto Moritzplatz. Go for 65 m.Go to the stop U Moritzplatz and take the bus M29 toward U Hermannplatz/Urbanstr.. Follow for 4 stops.Get off at U Görlitzer Bahnhof.Head north on Skalitzer Straße. Go for 24 m.Turn left. Go for 20 m.Turn right onto Skalitzer Straße. Go for 40 m.Turn slightly left onto Skalitzer Straße. Go for 143 m.Turn right. Go for 106 m.Turn slightly left onto Eisenbahnstraße. Go for 58 m.Turn right onto Muskauer Straße. Go for 45 m.Arrive at Muskauer Straße. Your destination is on the left.
52,Techspace,Zoe's Ghana Kitchen,26.933333333333334,U8,Head northeast on Lobeckstraße. Go for 72 m.Turn right onto Oranienstraße. Go for 179 m.Walk left around the roundabout and turn onto Moritzplatz. Go for 65 m.Go to the station U Moritzplatz and take the rail U8 toward S+U Hermannstr.. Follow for 3 stations.Get off at U Hermannplatz.Head southeast on Hermannplatz. Go for 82 m.Turn right onto Hasenheide. Go for 96 m.Turn left onto Wissmannstraße. Go for 368 m.Turn right onto Wissmannstraße. Go for 15 m.Arrive at Wissmannstraße. Your destination is on the right.
53,Techspace,Sofra Bäckerei & Konditorei,22.483333333333334,U8,Head northeast on Lobeckstraße. Go for 72 m.Turn right onto Oranienstraße. Go for 179 m.Walk left around the roundabout and turn onto Moritzplatz. Go for 65 m.Go to the station U Moritzplatz and take the rail U8 toward S+U Hermannstr.. Follow for 3 stations.Get off at U Hermannplatz.Head southeast on Hermannplatz. Go for 95 m.Turn left onto Karl-Marx-Straße. Go for 182 m.Turn right onto Karl-Marx-Straße. Go for 24 m.Arrive at Karl-Marx-Straße. Your destination is on the left.
54,Techspace,Senegambia,21.766666666666666,M29,"Head northeast on Lobeckstraße. Go for 72 m.Turn right onto Oranienstraße. Go for 179 m.Walk left around the roundabout and turn onto Moritzplatz. Go for 65 m.Go to the stop U Moritzplatz and take the bus M29 toward U Hermannplatz/Urbanstr.. Follow for 6 stops.Get off at Berlin, Ohlauer Str..Head southwest on Reichenberger Straße. Go for 249 m.Arrive at Reichenberger Straße. Your destination is on the left."
55,Techspace,Qba Restaurant,28.766666666666666,"M29, U6","Head northeast on Lobeckstraße. Go for 72 m.Turn left onto Oranienstraße. Go for 196 m.Go to the stop Berlin, Alexandrinenstr. and take the bus M29 toward Berlin, Roseneck. Follow for 4 stops.Get off at U Kochstr./Checkpoint Charlie.Walk to U Kochstr./Checkpoint Charlie.Take the rail U6 toward U Alt-Tegel. Follow for 4 stations.Get off at U Oranienburger Tor.Head north on Friedrichstraße. Go for 129 m.Turn right onto Oranienburger Straße. Go for 12 m.Turn slightly right onto Oranienburger Straße. Go for 93 m.Turn left onto Oranienburger Straße. Go for 56 m.Arrive at Oranienburger Straße. Your destination is on the left."
56,Techspace,Sofia Bar,33.75,"U8, M8","Head northeast on Lobeckstraße. Go for 72 m.Turn right onto Oranienstraße. Go for 179 m.Walk left around the roundabout and turn onto Moritzplatz. Go for 65 m.Go to the station U Moritzplatz and take the rail U8 toward S+U Wittenau. Follow for 4 stations.Get off at U Weinmeisterstr..Walk to U Weinmeisterstr..Take the rail M8 toward Berlin, Ahrensfelde/Stadtgrenze. Follow for 5 stations.Get off at Berlin, Platz der Vereinten Nationen.Head south on Platz der Vereinten Nationen. Go for 25 m.Turn right. Go for 20 m.Turn left onto Platz der Vereinten Nationen. Go for 110 m.Turn right onto Platz der Vereinten Nationen. Go for 24 m.Arrive at Platz der Vereinten Nationen. Your destination is on the left."
57,Techspace,Corroboree,30.65,"M29, M41","Head northeast on Lobeckstraße. Go for 72 m.Turn left onto Oranienstraße. Go for 196 m.Go to the stop Berlin, Alexandrinenstr. and take the bus M29 toward Berlin, Roseneck. Follow for 6 stops.Get off at S Anhalter Bahnhof.Take the bus M41 toward S+U Berlin Hauptbahnhof. Follow for 3 stops.Get off at S Potsdamer Platz Bhf/Voßstr..Head north on Ebertstraße. Go for 8 m.Turn right onto Potsdamer Platz. Go for 97 m.Take the street on the left, Bellevuestraße. Go for 146 m.Turn left. Go for 30 m.Arrive at your destination on the left."
58,Techspace,Al Hamra,35.5,"U8, M10","Head northeast on Lobeckstraße. Go for 72 m.Turn right onto Oranienstraße. Go for 179 m.Walk left around the roundabout and turn onto Moritzplatz. Go for 65 m.Go to the station U Moritzplatz and take the rail U8 toward S+U Wittenau. Follow for 6 stations.Get off at U Bernauer Str..Walk to U Bernauer Str..Take the rail M10 toward S+U Warschauer Str.. Follow for 4 stations.Get off at Berlin, Husemannstr..Head west on Dunckerstraße. Go for 259 m.Turn right onto Raumerstraße. Go for 53 m.Arrive at Raumerstraße. Your destination is on the right."
59,Techspace,Munch's Hus,34.483333333333334,"M29, U2","Head northeast on Lobeckstraße. Go for 72 m.Turn left onto Oranienstraße. Go for 196 m.Go to the stop Berlin, Alexandrinenstr. and take the bus M29 toward Berlin, Roseneck. Follow for 8 stops.Get off at U Mendelssohn-Bartholdy-Park.Walk to U Mendelssohn-Bartholdy-Park.Take the rail U2 toward Berlin, U Theodor-Heuss-Platz. Follow for 2 stations.Get off at U Bülowstr..Head east on Bülowstraße. Go for 269 m.Turn left onto Dennewitzplatz. Go for 71 m.Turn left onto Bülowstraße. Go for 20 m.Arrive at Bülowstraße. Your destination is on the right."
60,Techspace,Saeson Nordic Cuisine,27.366666666666667,"M29, M48","Head northeast on Lobeckstraße. Go for 72 m.Turn left onto Oranienstraße. Go for 196 m.Go to the stop Berlin, Alexandrinenstr. and take the bus M29 toward Berlin, Roseneck. Follow for 9 stops.Get off at Berlin, Potsdamer Brücke.Take the bus M48 toward Berlin, Busseallee. Follow for 1 stop.Get off at Berlin, Lützowstr./Potsdamer Str..Head northeast on Potsdamer Straße. Go for 4 m.Arrive at Potsdamer Straße. Your destination is on the right."
61,Techspace,Ayan Filipino Streetfood,27.75,"M29, M48","Head northeast on Lobeckstraße. Go for 72 m.Turn left onto Oranienstraße. Go for 196 m.Go to the stop Berlin, Alexandrinenstr. and take the bus M29 toward Berlin, Roseneck. Follow for 9 stops.Get off at Berlin, Potsdamer Brücke.Take the bus M48 toward Berlin, Busseallee. Follow for 1 stop.Get off at Berlin, Lützowstr./Potsdamer Str..Head southwest on Potsdamer Straße. Go for 27 m.Arrive at Potsdamer Straße."
62,Techspace,Panama Restaurant & Bar,29.683333333333334,U1,Head southwest on Lobeckstraße. Go for 267 m.Turn left onto Lobeckstraße. Go for 11 m.Turn right. Go for 32 m.Turn left. Go for 102 m.Turn left onto Wassertorstraße. Go for 147 m.Turn right onto Prinzenstraße. Go for 211 m.Go to the station U Prinzenstr. and take the rail U1 toward U Uhlandstr.. Follow for 4 stations.Get off at U Kurfürstenstr..Head west on Potsdamer Straße. Go for 128 m.Turn right onto Pohlstraße. Go for 114 m.Arrive at Pohlstraße. Your destination is on the left.
63,Techspace,Prager Hopfenstube,39.43333333333333,"U8, U1, M10","Head northeast on Lobeckstraße. Go for 72 m.Turn right onto Oranienstraße. Go for 179 m.Walk left around the roundabout and turn onto Moritzplatz. Go for 65 m.Go to the station U Moritzplatz and take the rail U8 toward S+U Hermannstr.. Follow for 1 station.Get off at U Kottbusser Tor.Take the rail U1 toward S+U Warschauer Str.. Follow for 3 stations.Get off at S+U Warschauer Str..Walk to S+U Warschauer Str..Take the rail M10 toward Berlin, Lüneburger Str.. Follow for 4 stations.Get off at U Frankfurter Tor.Head south on Frankfurter Tor. Go for 25 m.Turn right onto Frankfurter Tor. Go for 49 m.Turn left. Go for 358 m.Arrive at Karl-Marx-Allee. Your destination is on the left."
64,Techspace,Jemenitisches Restaurant,25.916666666666668,"U8, U7",Head northeast on Lobeckstraße. Go for 72 m.Turn right onto Oranienstraße. Go for 179 m.Walk left around the roundabout and turn onto Moritzplatz. Go for 65 m.Go to the station U Moritzplatz and take the rail U8 toward S+U Hermannstr.. Follow for 3 stations.Get off at U Hermannplatz.Take the rail U7 toward U Rudow. Follow for 2 stations.Get off at U Karl-Marx-Str..Head west on Karl-Marx-Straße. Go for 240 m.Arrive at Karl-Marx-Straße. Your destination is on the right.
65,Techspace,Qea cafe,39.35,"U8, S41",Head northeast on Lobeckstraße. Go for 72 m.Turn right onto Oranienstraße. Go for 179 m.Walk left around the roundabout and turn onto Moritzplatz. Go for 65 m.Go to the station U Moritzplatz and take the rail U8 toward S+U Wittenau. Follow for 8 stations.Get off at S+U Gesundbrunnen Bhf.Walk to S+U Gesundbrunnen Bhf.Take the rail S41. Follow for 1 station.Get off at S+U Schönhauser Allee.Head east. Go for 149 m.Turn left onto Schönhauser Allee. Go for 223 m.Turn right onto Gleimstraße. Go for 49 m.Arrive at Gleimstraße. Your destination is on the right.
66,Techspace,Baku Napoli,29.966666666666665,"M29, U2","Head northeast on Lobeckstraße. Go for 72 m.Turn left onto Oranienstraße. Go for 196 m.Go to the stop Berlin, Alexandrinenstr. and take the bus M29 toward Berlin, Roseneck. Follow for 8 stops.Get off at U Mendelssohn-Bartholdy-Park.Walk to U Mendelssohn-Bartholdy-Park.Take the rail U2 toward Berlin, U Theodor-Heuss-Platz. Follow for 2 stations.Get off at U Bülowstr..Head west on Bülowstraße. Go for 36 m.Turn left onto Potsdamer Straße. Go for 52 m.Arrive at Potsdamer Straße. Your destination is on the left."
67,Techspace,Blaue Adria - Kroatisches Restaurant,42.333333333333336,"U8, M8","Head northeast on Lobeckstraße. Go for 72 m.Turn right onto Oranienstraße. Go for 179 m.Walk left around the roundabout and turn onto Moritzplatz. Go for 65 m.Go to the station U Moritzplatz and take the rail U8 toward S+U Wittenau. Follow for 4 stations.Get off at U Weinmeisterstr..Walk to U Weinmeisterstr..Take the rail M8 toward Berlin, Ahrensfelde/Stadtgrenze. Follow for 7 stations.Get off at Berlin, Landsberger Allee/Petersburger Str..Head southeast on Landsberger Allee. Go for 61 m.Turn left onto Danziger Straße. Go for 182 m.Turn right onto Cotheniusstraße. Go for 241 m.Turn right onto Conrad-Blenkle-Straße. Go for 10 m.Arrive at Conrad-Blenkle-Straße. Your destination is on the right."
68,Techspace,Angkor Wat,38.61666666666667,"M29, 100","Head northeast on Lobeckstraße. Go for 72 m.Turn left onto Oranienstraße. Go for 196 m.Go to the stop Berlin, Alexandrinenstr. and take the bus M29 toward Berlin, Roseneck. Follow for 13 stops.Get off at Berlin, Lützowplatz.Take the bus 100 toward Berlin, S+U Alexanderplatz Bhf/Memhardstr.. Follow for 3 stops.Get off at Berlin, Schloss Bellevue.Head southeast on Spreeweg. Go for 428 m.Arrive at Paulstraße."
69,Techspace,La Casita,40.45,"U8, S9",Head northeast on Lobeckstraße. Go for 72 m.Turn right onto Oranienstraße. Go for 179 m.Walk left around the roundabout and turn onto Moritzplatz. Go for 65 m.Go to the station U Moritzplatz and take the rail U8 toward S+U Wittenau. Follow for 2 stations.Get off at S+U Jannowitzbrücke.Walk to S+U Jannowitzbrücke.Take the rail S9 toward S Flughafen Berlin-Schönefeld Bhf. Follow for 3 stations.Get off at S Treptower Park.Head west. Go for 52 m.Turn right onto Gebäude. Go for 64 m.Head east. Go for 40 m.Turn left. Go for 153 m.Turn right. Go for 131 m.Arrive at your destination on the left.
70,Techspace,China Restaurant Cocktail-Bar Hong Kong City,45.11666666666667,"U8, M8, M4","Head northeast on Lobeckstraße. Go for 72 m.Turn right onto Oranienstraße. Go for 179 m.Walk left around the roundabout and turn onto Moritzplatz. Go for 65 m.Go to the station U Moritzplatz and take the rail U8 toward S+U Wittenau. Follow for 4 stations.Get off at U Weinmeisterstr..Walk to U Weinmeisterstr..Take the rail M8 toward Berlin, Ahrensfelde/Stadtgrenze. Follow for 3 stations.Get off at Berlin, Mollstr./Otto-Braun-Str..Take the rail M4 toward Berlin, Zingster Str.. Follow for 8 stations.Get off at Berlin, Albertinenstr..Head south on Berliner Allee. Go for 142 m.Arrive at Berliner Allee. Your destination is on the left."
71,Techspace,Odessa Mama,36.733333333333334,"M29, S1, S46","Head northeast on Lobeckstraße. Go for 72 m.Turn left onto Oranienstraße. Go for 196 m.Go to the stop Berlin, Alexandrinenstr. and take the bus M29 toward Berlin, Roseneck. Follow for 6 stops.Get off at S Anhalter Bahnhof.Take the rail S1 toward S Wannsee Bhf. Follow for 3 stations.Get off at S Schöneberg.Take the rail S46 toward S+U Gesundbrunnen Bhf. Follow for 1 station.Get off at S+U Innsbrucker Platz.Head southeast on Hauptstraße. Go for 125 m.Turn right onto Innsbrucker Platz. Go for 42 m.Arrive at Innsbrucker Platz. Your destination is on the left."
72,Techspace,Zum Nussbaum,40.1,"U8, S46",Head northeast on Lobeckstraße. Go for 72 m.Turn right onto Oranienstraße. Go for 179 m.Walk left around the roundabout and turn onto Moritzplatz. Go for 65 m.Go to the station U Moritzplatz and take the rail U8 toward S+U Hermannstr.. Follow for 6 stations.Get off at S+U Hermannstr..Walk to S+U Hermannstr..Take the rail S46 toward S Baumschulenweg. Follow for 2 stations.Get off at S Köllnische Heide.Head southeast on Planetenstraße. Go for 102 m.Turn left onto Sonnenallee. Go for 125 m.Turn right. Go for 250 m.Turn left. Go for 97 m.Turn left onto Weg Nr. 3. Go for 128 m.Arrive at Weg Nr. 3. Your destination is on the right.
73,Techspace,Puszta,42.4,"U8, U9",Head northeast on Lobeckstraße. Go for 72 m.Turn right onto Oranienstraße. Go for 179 m.Walk left around the roundabout and turn onto Moritzplatz. Go for 65 m.Go to the station U Moritzplatz and take the rail U8 toward S+U Wittenau. Follow for 10 stations.Get off at U Osloer Str..Take the rail U9 toward S+U Rathaus Steglitz. Follow for 6 stations.Get off at U Turmstr..Head west. Go for 48 m.Turn left onto Turmstraße. Go for 151 m.Turn right onto Jonasstraße. Go for 169 m.Arrive at Jonasstraße. Your destination is on the left.
74,Techspace,Taste Singapore Style,46.35,"M29, 106","Head northeast on Lobeckstraße. Go for 72 m.Turn left onto Oranienstraße. Go for 196 m.Go to the stop Berlin, Alexandrinenstr. and take the bus M29 toward Berlin, Roseneck. Follow for 13 stops.Get off at Berlin, Lützowplatz.Take the bus 106 toward U Seestr.. Follow for 6 stops.Get off at Berlin, Alt-Moabit/Gotzkowskystr..Head west on Alt-Moabit. Go for 16 m.Turn right onto Alt-Moabit. Go for 72 m.Arrive at Alt-Moabit. Your destination is on the right."
75,Techspace,Original Taiwanesische Bauernstube,48.25,"M29, U2, 245","Head northeast on Lobeckstraße. Go for 72 m.Turn left onto Oranienstraße. Go for 196 m.Go to the stop Berlin, Alexandrinenstr. and take the bus M29 toward Berlin, Roseneck. Follow for 8 stops.Get off at U Mendelssohn-Bartholdy-Park.Walk to U Mendelssohn-Bartholdy-Park.Take the rail U2 toward Berlin, U Theodor-Heuss-Platz. Follow for 6 stations.Get off at U Ernst-Reuter-Platz.Walk to U Ernst-Reuter-Platz.Take the bus 245 toward Berlin, Robert-Koch-Platz. Follow for 4 stops.Get off at Berlin, Helmholtzstr..Head northeast on Helmholtzstraße. Go for 88 m.Turn left onto Morsestraße. Go for 22 m.Arrive at Morsestraße. Your destination is on the right."
76,Techspace,Makenene,44.333333333333336,"M29, U2","Head northeast on Lobeckstraße. Go for 72 m.Turn left onto Oranienstraße. Go for 196 m.Go to the stop Berlin, Alexandrinenstr. and take the bus M29 toward Berlin, Roseneck. Follow for 8 stops.Get off at U Mendelssohn-Bartholdy-Park.Walk to U Mendelssohn-Bartholdy-Park.Take the rail U2 toward Berlin, U Theodor-Heuss-Platz. Follow for 7 stations.Get off at U Deutsche Oper.Head north on Bismarckstraße. Go for 10 m.Turn left onto Krumme Straße. Go for 178 m.Turn left onto Schillerstraße. Go for 172 m.Turn right onto Weimarer Straße. Go for 34 m.Arrive at Weimarer Straße. Your destination is on the left."
77,Techspace,La Batea,43.6,"U3, U7",Head southwest on Lobeckstraße. Go for 267 m.Turn left onto Lobeckstraße. Go for 11 m.Turn right. Go for 32 m.Turn left. Go for 102 m.Turn left onto Wassertorstraße. Go for 147 m.Turn right onto Prinzenstraße. Go for 211 m.Go to the station U Prinzenstr. and take the rail U3 toward U Krumme Lanke. Follow for 2 stations.Get off at U Möckernbrücke.Take the rail U7 toward S+U Rathaus Spandau. Follow for 10 stations.Get off at U Wilmersdorfer Str..Head north on Wilmersdorfer Straße. Go for 28 m.Turn right onto Kantstraße. Go for 177 m.Turn left onto Krumme Straße. Go for 102 m.Arrive at Krumme Straße. Your destination is on the right.
78,Techspace,Seri Melayu,41.35,"U3, U7",Head southwest on Lobeckstraße. Go for 267 m.Turn left onto Lobeckstraße. Go for 11 m.Turn right. Go for 32 m.Turn left. Go for 102 m.Turn left onto Wassertorstraße. Go for 147 m.Turn right onto Prinzenstraße. Go for 211 m.Go to the station U Prinzenstr. and take the rail U3 toward U Krumme Lanke. Follow for 2 stations.Get off at U Möckernbrücke.Take the rail U7 toward S+U Rathaus Spandau. Follow for 10 stations.Get off at U Wilmersdorfer Str..Head north on Wilmersdorfer Straße. Go for 28 m.Turn left onto Kantstraße. Go for 159 m.Arrive at Kantstraße. Your destination is on the left.
79,Techspace,Restorant Macedonia (Berlin),43.55,"U8, S7",Head northeast on Lobeckstraße. Go for 72 m.Turn right onto Oranienstraße. Go for 179 m.Walk left around the roundabout and turn onto Moritzplatz. Go for 65 m.Go to the station U Moritzplatz and take the rail U8 toward S+U Wittenau. Follow for 2 stations.Get off at S+U Jannowitzbrücke.Walk to S+U Jannowitzbrücke.Take the rail S7 toward S Potsdam Hauptbahnhof. Follow for 9 stations.Get off at S Charlottenburg Bhf.Head southwest on Lewishamstraße. Go for 26 m.Arrive at Lewishamstraße. Your destination is on the right.
80,Techspace,Vincent-Burger,51.983333333333334,"M29, U2, U7","Head northeast on Lobeckstraße. Go for 72 m.Turn left onto Oranienstraße. Go for 196 m.Go to the stop Berlin, Alexandrinenstr. and take the bus M29 toward Berlin, Roseneck. Follow for 8 stops.Get off at U Mendelssohn-Bartholdy-Park.Walk to U Mendelssohn-Bartholdy-Park.Take the rail U2 toward Berlin, U Theodor-Heuss-Platz. Follow for 8 stations.Get off at U Bismarckstr..Take the rail U7 toward S+U Rathaus Spandau. Follow for 2 stations.Get off at U Mierendorffplatz.Head west. Go for 47 m.Turn left. Go for 53 m.Turn left onto Mierendorffplatz. Go for 156 m.Continue straight onto Mierendorffstraße. Go for 39 m.Turn slightly right onto Mindener Straße. Go for 131 m.Turn left onto Tauroggener Straße. Go for 40 m.Arrive at Tauroggener Straße."
81,Techspace,Tembo African Kitchen,51.416666666666664,"M29, U2","Head northeast on Lobeckstraße. Go for 72 m.Turn left onto Oranienstraße. Go for 196 m.Go to the stop Berlin, Alexandrinenstr. and take the bus M29 toward Berlin, Roseneck. Follow for 8 stops.Get off at U Mendelssohn-Bartholdy-Park.Walk to U Mendelssohn-Bartholdy-Park.Take the rail U2 toward Berlin, U Theodor-Heuss-Platz. Follow for 9 stations.Get off at U Sophie-Charlotte-Platz.Head west. Go for 17 m.Turn slightly left. Go for 81 m.Turn left. Go for 38 m.Turn right. Go for 19 m.Turn slightly left onto Horstweg. Go for 261 m.Turn left onto Horstweg. Go for 99 m.Turn right onto Danckelmannstraße. Go for 144 m.Arrive at Danckelmannstraße. Your destination is on the left."
82,Techspace,Zadar Restaurant,56.86666666666667,"M29, U6, X33","Head northeast on Lobeckstraße. Go for 72 m.Turn left onto Oranienstraße. Go for 196 m.Go to the stop Berlin, Alexandrinenstr. and take the bus M29 toward Berlin, Roseneck. Follow for 4 stops.Get off at U Kochstr./Checkpoint Charlie.Walk to U Kochstr./Checkpoint Charlie.Take the rail U6 toward U Alt-Tegel. Follow for 16 stations.Get off at U Holzhauser Str..Walk to U Holzhauser Str..Take the bus X33 toward Berlin, Wilhelmsruher Damm. Follow for 1 stop.Get off at Berlin, Holzhauser Str./Schubartstr..Head southwest on Schubartstraße. Go for 318 m.Turn left onto Ernststraße. Go for 114 m.Turn right onto Räuschstraße. Go for 17 m.Arrive at Räuschstraße. Your destination is on the left."
83,Techspace,Eiscafé Mauritius,45.21666666666667,"M29, U2","Head northeast on Lobeckstraße. Go for 72 m.Turn left onto Oranienstraße. Go for 196 m.Go to the stop Berlin, Alexandrinenstr. and take the bus M29 toward Berlin, Roseneck. Follow for 8 stops.Get off at U Mendelssohn-Bartholdy-Park.Walk to U Mendelssohn-Bartholdy-Park.Take the rail U2 toward Berlin, U Theodor-Heuss-Platz. Follow for 11 stations.Get off at Berlin, U Theodor-Heuss-Platz.Head south on Theodor-Heuss-Platz. Go for 18 m.Walk left around the roundabout and turn at the 2nd street. Go for 46 m.Turn left. Go for 6 m.Turn left onto Theodor-Heuss-Platz. Go for 40 m.Arrive at Theodor-Heuss-Platz. Your destination is on the right."
84,Techspace,King Wok,49.38333333333333,"U8, S7",Head northeast on Lobeckstraße. Go for 72 m.Turn right onto Oranienstraße. Go for 179 m.Walk left around the roundabout and turn onto Moritzplatz. Go for 65 m.Go to the station U Moritzplatz and take the rail U8 toward S+U Wittenau. Follow for 2 stations.Get off at S+U Jannowitzbrücke.Walk to S+U Jannowitzbrücke.Take the rail S7 toward S Ahrensfelde Bhf. Follow for 9 stations.Get off at S Marzahn.Head west. Go for 179 m.Turn right. Go for 65 m.Arrive at your destination on the right.
85,Techspace,Marché Sucre,48.166666666666664,"M29, U6","Head northeast on Lobeckstraße. Go for 72 m.Turn left onto Oranienstraße. Go for 196 m.Go to the stop Berlin, Alexandrinenstr. and take the bus M29 toward Berlin, Roseneck. Follow for 4 stops.Get off at U Kochstr./Checkpoint Charlie.Walk to U Kochstr./Checkpoint Charlie.Take the rail U6 toward U Alt-Tegel. Follow for 17 stations.Get off at U Borsigwerke.Head northwest on Berliner Straße. Go for 51 m.Turn left onto Berliner Straße. Go for 108 m.Turn right onto Berliner Straße. Go for 118 m.Turn left onto Am Borsigturm. Go for 75 m.Arrive at Am Borsigturm. Your destination is on the left."
86,Techspace,Mali Raj,60.28333333333333,"M29, U6, X33","Head northeast on Lobeckstraße. Go for 72 m.Turn left onto Oranienstraße. Go for 196 m.Go to the stop Berlin, Alexandrinenstr. and take the bus M29 toward Berlin, Roseneck. Follow for 4 stops.Get off at U Kochstr./Checkpoint Charlie.Walk to U Kochstr./Checkpoint Charlie.Take the rail U6 toward U Alt-Tegel. Follow for 16 stations.Get off at U Holzhauser Str..Walk to U Holzhauser Str..Take the bus X33 toward Berlin, Galenstr.. Follow for 6 stops.Get off at Berlin, Siedlung Haselhorst.Head southeast on Gartenfelder Straße. Go for 44 m.Arrive at Gartenfelder Straße. Your destination is on the right."
